Accession,PeptidesNum,U500_R1,U500_R2,U500_R3,U12500_R1,U12500_R2,U12500_R3
P32767,1,195.7,NA,181.6,NA,164.8,155.3
Q02486,4,105.6,95.2,95.4,107.9,110.6,93.9
P53981,5,102.4,97.6,100.7,98.2,96.7,98.2
P37302,6,105.1,100.9,107.6,111.6,108,92.8
P07244,7,104.5,102.6,102.5,95.7,97.5,86.4
Q05506,16,101.1,101,101.5,97.4,98.7,100.1
P33399,2,128.8,98.6,112.9,107.3,105.8,99.1
P61626,3,51.8,44.5,51,121.8,125.6,129.2
P07277,1,122.8,123.1,115,114.6,114.5,114.5
P09457,5,94.4,104.6,100,96.7,103.3,100.7
Q04409,13,102.5,107.3,99.3,100.2,100.5,91.7
P26755,2,115.9,90.2,88.6,112.7,77.2,81.2
Q04792,1,97.5,91,91.9,95.4,103.6,98.3
P15274,4,87.2,89,103.7,97.4,97.8,96.9
P14832,12,93.7,103.8,93.1,92,91.9,92.8
Q04869,6,94.6,72.3,100.8,115.6,110.2,104.8
P32381,8,103.3,109.2,97.2,90.7,98.3,91.1
Q12449,6,102.3,105.4,106.7,100.8,97.7,96.8
P0CX49,7,100.4,101.1,101.3,98.4,98.1,103.8
A6ZTA3,1,92.9,114.1,112.2,104.1,113.5,91
P38081,1,102.8,90.2,104.8,87.8,97.7,103.6
P15992,11,100.2,103.1,101.4,98.2,101.2,99.5
P23594,1,143,118.9,117.7,133.4,108.9,142.9
A6ZY20,1,131.9,114,113.4,101.8,103.7,124.3
P68871,9,46.8,43.9,59.6,115.7,122.5,118.8
Q08245,11,94.9,90.9,92.5,104,100.3,99.2
P07251,22,99.3,98.9,97.7,97.2,98.4,98.9
Q12306,3,100.3,103.3,102.2,96.2,101.2,101.6
P38281,6,98.9,87.9,94.9,95.7,97,98.9
P23248,14,93.2,97.2,94.6,101.2,103.5,102.7
P14922,1,129.1,100.3,113.9,137.8,95.1,83.3
P04147,19,93.4,101.5,98.7,97.6,101.8,98.4
P38288,2,103.4,108.1,103.1,99.4,98.1,97.5
P02557,10,100.1,101.8,97.4,98,101.9,97.2
P35197,1,113.5,97.7,106.5,110.1,96,83.9
P32911,4,99.8,100.9,101.8,96.8,93.6,97.4
P29509,11,90.1,96.1,100.4,97.8,98.2,97.6
P40413,2,112.1,121.7,122.7,108.6,110.9,113.4
Q04432,9,100.6,101.9,99,99.1,99.9,101.8
P16083,13,26,39.3,36,114.9,130.4,119.9
P32895,2,150,58.9,156.3,87.2,138.4,90.7
P48589,8,101.1,105.8,104.5,106.7,100.9,103.6
P33298,3,122.4,153.5,91.2,73.7,119.9,126.7
P21243,10,99.5,104.6,115.8,104.5,94.5,104.1
P32074,7,99.4,99.7,97.2,97.7,104.4,102.7
P32558,8,83,78.4,112.2,95.6,109.1,101.2
P07256,14,99.1,98.7,103.4,98,100,102.5
P08524,10,106.9,103.1,99.2,100.2,102.3,98
P18562,9,92.3,104.4,98.4,102.6,94.7,101.2
P38260,3,110.7,111,111.1,111.4,105.5,107.4
Q03973,1,101.3,118.8,94.8,113.2,83.5,96
P22135,1,95.1,105.5,93.8,109.6,91.6,103.7
P00441,3,65.5,67.1,58.8,106.2,105.3,126
P00127,1,NA,NA,NA,258.1,143,NA
P38624,5,109.8,107.5,104.2,90.2,91.2,101.7
Q3E841,5,102.2,98.9,103.7,103.4,100.3,100.9
P30657,2,94.9,96.4,106.7,59.9,113.8,111.7
P27692,3,108.5,96.1,106.9,100.6,120.2,98.7
Q04338,1,113.1,116.9,119.1,117.4,96.7,112.6
P47771,13,110.1,104.6,106.9,103.2,99.8,99.9
Q12159,4,93.2,107.8,102.2,95.9,88.6,88.4
Q12154,5,93.5,95.1,83.4,84.1,84.8,87.3
P32481,9,103.5,101,104.1,100.8,98.9,89
P00549,41,102.5,99.1,101.1,99.7,99.5,99.6
P14843,10,96.5,93.1,91.3,107.4,101.8,86.6
P53622,10,101.9,105,89.7,99.5,100.4,104.5
P21306,2,110.1,106.1,112,103.7,105.6,110.5
P14907,1,92,107.8,102.6,110.7,105.1,111.4
P40086,1,118.8,104.4,98.9,116.9,102.2,103
P22141,3,110.3,109.6,99.4,104.8,94,98.1
P30656,4,107.2,115.9,108.1,106.9,104.4,124.2
A6ZXP4,10,95.5,99.7,104.1,99,96.5,83.8
P52910,20,102.8,99.3,96.5,99.4,99.3,101
P39929,2,104.6,108.9,111.2,97.4,111.3,98.1
P53090,19,103.1,93.1,103.4,104.8,104.3,106.3
P19414,34,99.4,98.9,100.3,96.9,94.3,100
P53628,1,77,85.6,80.1,93.1,93.6,105.6
P0C0V8,6,102.9,99.3,94.9,100.8,93.6,94
Q99383,4,103.5,100.4,100,97,99.8,103.7
P61830,3,92.7,95.6,95.8,93.4,97.8,97.7
P38764,13,96.7,98.7,101.2,96.5,99,104.1
P38628,11,108.3,107.8,103.1,106.1,100.5,101.9
P15108,45,98.7,100.2,99.8,99.3,97.3,99.1
Q12230,11,96.2,100.5,98.9,96.8,98,101.4
P15180,17,95,105.6,102.6,97.6,105.8,100.9
P19097,62,101.6,102,105.3,102.9,97.6,101.2
P23202,1,105.7,79.5,129.8,94.6,81.9,126.3
P40212,11,100.2,105,102.9,101.8,97.9,87.4
P06105,17,100.8,98.7,98.3,90.1,95.3,103.6
P38067,1,91.7,61.2,103.6,54.7,100.4,90.6
Q99321,2,106.2,106,111.9,112.6,107.5,101.6
P62988,6,36.3,42.7,47.2,104.3,123.5,135.8
P40215,8,99.5,104.8,88.5,97.6,94.7,106
P12709,23,100.2,100.3,101.6,98.1,99.2,100.3
P40482,6,118.5,82.4,107.4,114,104.3,111.3
P04161,1,NA,NA,NA,NA,159.7,NA
P56508,1,95.9,108.3,111.4,97.9,87.1,78.5
P40518,4,90.9,95.2,94.1,93,93.5,93.8
Q03690,16,113.8,109.9,111.8,106.3,102.9,105
Q01519,2,106.8,97,115.8,109.5,98.2,102.3
P07257,23,101.8,103.2,101,101.9,98.4,101.2
P32327,17,95.8,99.7,91.4,88.6,96.1,97.9
P42938,2,NA,NA,NA,NA,NA,NA
Q03161,10,95.2,102.6,100.6,97.3,102.5,107.2
P09232,7,108,107.1,104.5,96.9,92.6,94.2
P0CX35,15,105.5,96.7,103.9,101.2,100.6,99
P52490,2,94.1,106.2,100.6,94.8,91.3,96.5
P28789,1,137.7,121.6,110.3,114.6,NA,119.8
P39522,8,91.6,91.9,94.7,97.6,89.9,96.7
P40991,6,107,96.8,91.2,69.3,85.8,88.4
P38697,6,98.3,106.2,98.8,94,93.6,109.3
P15873,12,104.7,103.5,103.4,105.1,100.9,106.5
P01344,3,47.6,52.8,51.2,123.8,130.6,133.8
P15454,6,102.2,103.1,100,98.4,101,99.1
P17536,12,86.4,93.9,88.2,99.3,91.2,99.5
P47165,3,95.6,113.9,111.1,91.5,88.8,115.9
O76070,13,45.7,42.3,43.5,112.4,120,123.3
P39015,16,99.7,99.5,98,96.2,94.1,91
P48164,7,102.6,103.9,96.3,102.3,97.7,95.5
Q06440,3,110.5,115,52.3,109.3,102.3,90.7
A6ZNU5,2,62.8,58.7,70.2,60.1,59.4,69
P0CX26,6,78.6,83.6,79.7,83.8,97.9,88.9
P48836,1,96.8,117.2,94.9,112.9,94.4,114.1
P38636,1,115.4,107.4,115.1,127.5,97.6,117.8
P01375,6,44.4,46.4,44.5,118.6,121,127.2
P47137,6,135.3,143,41.8,132,123.9,127.2
P05759,9,114.1,100.3,106.6,104.8,102.1,99.2
P0CX48,9,99.6,102.3,101.8,97.3,97.6,100.7
P07260,8,88.8,100.5,94,98,91.8,95
P40509,4,101.3,99,111.7,102.8,105,102.1
Q99257,1,81.3,74.3,89.2,87.4,111.7,120.1
Q04178,2,118.8,110.1,109.3,109.1,96.2,98.7
P05694,40,100.8,101.6,98.2,98.3,98.6,100
P33297,6,108.5,113.2,98.2,92,92.6,101.3
P15559,7,122.5,124.9,124.8,121.6,121.6,112.1
P05747,3,97.8,101.6,83.1,65.9,71.5,54.1
Q08732,2,112.2,94.5,105.5,96.1,89.4,62.6
O13563,3,106.6,112.7,103.1,77.2,121.5,108.9
P36101,1,118.1,105.1,127.4,95.9,91.8,101.9
P47153,1,NA,NA,NA,NA,NA,NA
Q03219,1,96.4,97.7,112.6,95.4,109.9,115
P40525,3,100.4,99.5,98.4,93.1,94.6,95.2
Q03940,10,100.2,100.9,99.4,107.5,104.1,105.3
P32939,1,104.1,95.2,107,100.8,102.8,100.1
P49626,14,178.9,96.1,103,93.9,98.2,100.3
P63279,5,39.7,59.5,43.2,140.4,123,134.3
P40471,1,87.6,95.7,107.3,129.1,NA,96.9
P46992,2,107.7,90.6,107.4,98.8,101.1,101.2
P22517,1,113,108.3,86.5,113.8,100.7,93.5
P32915,2,112.6,112.9,82.4,108.2,80.8,99
P02992,11,110.2,107,102.6,101.7,104.2,96.5
P08067,3,98.4,91.8,121.6,105.7,119.9,95.3
P32628,3,110.9,108.9,120.3,107.3,113.8,95.6
Q07451,1,98.5,92,91.5,110.3,105,101.3
P39676,18,96.9,99.4,104,96.6,102.8,103.2
P07342,10,85.4,83.1,93.2,94.8,98.8,102.2
P40357,1,223.2,105.3,101.8,88.8,84,173
Q12532,1,102,106.8,108.2,96,114.6,94.5
P32263,3,101.8,102.5,104.5,100.1,91.7,99.2
P53228,2,60.6,64.2,139.8,122.2,103,132.4
P47160,1,122.8,120.5,103.4,106.3,105.5,101.4
P15625,15,97.9,96.6,99.6,134.6,94.2,98
P00359,32,99.7,104.1,99.7,98.7,100.1,96.3
P32379,5,106.7,105.4,105.2,108.4,85.9,98.3
P38079,1,109,113.8,98.3,107.7,105.1,101
Q06494,2,105,112.7,87.9,99.1,93.3,78.6
P16861,38,97.7,97.2,97.3,102.3,95.4,97.5
P23639,5,155.1,91.8,93.5,91.6,95.5,67.9
P53173,1,114.7,100.5,117.6,119.9,92.8,122.1
P30624,10,96.6,96.1,96.1,98,96.2,99
Q02785,1,NA,172.9,NA,218.5,NA,NA
P17423,9,95.1,97.3,96.1,107.8,97.1,104.9
P53303,10,99.7,104.3,105.9,102.4,91.2,104.7
P20459,6,110.1,107,106,102.9,99.8,100.5
Q15843,2,39.3,46,36.2,112.2,112.5,101.4
P53152,2,121.6,106.2,108.9,107.1,100.3,97.2
P38426,4,114.1,105.9,114.5,96.7,102,103.2
P40579,1,65.4,184.5,115.2,78.2,NA,NA
P61769,3,35.8,39.5,39.8,103,114.1,108
P22515,17,104.3,100.6,106.3,106.3,106.2,107.4
P53281,2,26.9,101.7,105.4,102.8,103.6,83.5
P38707,15,104.3,102.7,103.4,97.2,98.9,96.3
P38616,3,88.3,107.8,107.6,100.6,100.4,89.5
P53337,2,114.2,136.9,118.4,110.7,107.6,114.9
P37292,11,97.4,95.7,95.5,89.7,91.2,94
P34240,1,56.2,112.3,105.4,102.9,104.7,113.7
P17106,2,58.4,110.9,104.4,106.4,99.7,107.3
C7GP20,4,99.3,99.8,88.8,101.3,66,87.7
Q12213,13,99.6,101.2,104.4,102.3,101,100.7
P05739,7,104.1,95.6,101.5,108.9,102.3,97
P46655,26,94.9,100.3,96.8,97.8,99.9,98.1
P15700,3,86.9,104.4,83.9,110.6,79.2,92.6
P38758,2,101.8,91,88,82.7,80.7,110.2
Q12402,2,101.1,104,108.5,99.6,100.9,99
P41056,4,116.6,111.4,110.7,114.3,108.5,103.2
P03962,10,104.3,97.6,100.7,98.6,98,97.7
P20435,1,109.4,127.9,107.5,83,87.2,92.7
P25451,1,88.5,75,110.9,112.2,68.3,112.7
P38355,1,93.7,89.2,103.4,84.3,102.8,95.9
Q12522,2,94.8,97.3,103.7,97.1,102.7,96.5
Q12428,6,101,104.8,105.5,102.3,98.9,108.6
P43558,1,NA,NA,NA,NA,NA,388.4
P00175,9,98.1,99.2,97.9,98.1,104.7,100.4
P25694,17,102.4,96.4,101.6,99.5,101.1,99.1
Q04697,1,NA,NA,NA,NA,NA,NA
P20049,1,189.1,99.7,87.5,84.6,95.1,90.6
P19262,4,124.9,94.4,112,102.3,90.2,103.1
Q12068,2,139.8,116.4,146.8,139.4,142.2,124.9
P53315,1,115.2,109.5,117.8,109.9,98.5,99.6
A6ZPQ6,2,112,121.4,114.3,110.7,106.5,112
P00431,1,96.4,96,137.2,115.4,74,101.2
P02787,28,44.1,39.8,43.9,119.3,120.3,113.6
P00331,8,101.2,99.1,101,103.3,105.2,105.9
P20051,5,121.7,101.4,101.9,104.8,97.4,112.4
Q06830,10,53.4,52.2,51.6,117.4,115.3,110.5
P33204,3,106.9,108.9,113,81.8,100.1,99.5
Q00772,1,86.3,61.3,74,87.2,80,93.2
P09435,11,110.4,71.7,NA,110.3,63.7,143.7
P40093,3,99.1,101.1,101,107.5,100.8,109.8
A6ZN26,16,105.1,105.2,104.8,105,105.5,100
P28495,3,107.8,111.1,109.9,89.6,86.2,83.7
P38009,4,NA,152.1,87.6,84.2,71.8,88.1
P32588,3,96.6,99.8,99.9,94.2,92.7,96.9
P40510,8,99.8,109.7,119.5,138.9,108.9,105
Q12486,1,NA,NA,NA,NA,NA,NA
P00937,3,104,119.5,109.4,106.4,76.1,122.2
Q08975,2,113.4,112.7,112.1,114.1,104.6,106.3
O13516,14,108.2,77,95.2,87.8,108.2,94.3
P05755,14,99.2,101.4,100.3,101.6,100.9,102.7
P38066,1,103,109.6,96.6,90.8,80.3,74.9
P87108,1,579.3,NA,NA,NA,NA,NA
P35691,8,99,100.2,98.9,97,95.2,96.5
P22202,17,109.8,108.9,106.6,104.9,101.9,96.7
P36008,15,106.2,103.5,102.1,99.3,99.9,97.4
P14306,6,95.5,87.4,87.8,96.7,86.2,97.4
A6ZRM0,5,93.5,97.7,95.7,92.8,102,102.1
Q02642,6,88.1,87.6,105.8,99.9,98.2,106.1
A6ZP43,2,104.8,104,51.5,107.1,92.3,122
P21734,2,99.9,364.9,96.9,85.4,88.8,83
P40054,14,93.5,91,93.2,92.2,95,97.1
P39101,2,157.7,149.5,134.4,73.9,72.7,124.4
P23644,4,116.2,85.7,111.3,88.9,101.1,101.6
P46681,2,58.2,100.5,118.9,126.7,102.4,123.8
P38912,4,96.1,103,98.7,84.9,93.3,94.9
P21304,1,98.6,94,101.2,101.8,90.1,83
Q06408,6,88,98.9,96.5,94.8,88.5,97.6
P10963,19,101.3,100.2,101.8,99.7,97.9,97.3
Q02725,10,101.3,103.6,100,101.2,99.9,107.8
Q03677,3,68.9,73.4,71.3,67.9,95.1,59.1
P19146,8,100.3,98.7,94.7,90.2,95.9,112.3
P41159,6,48.3,47.3,44.5,119,116,126.3
P00167,5,34.5,50.8,38.8,135.8,129.2,113.5
P28241,10,93.3,98.8,95.8,102.7,92.6,99
P32604,1,109.1,121.7,114.9,114.5,108.6,118.5
P16862,24,101.9,98.1,103.4,99.7,97.4,95.3
P32598,6,93.4,93.5,102.1,100,101.2,111.6
P32602,3,114.7,105,108,96.5,95.1,92.6
P19073,1,107.9,118.7,100.4,100.3,101.9,NA
P06101,4,96.6,100.7,96,100.7,100.9,98.9
P38250,2,102.6,118.4,109.8,118.9,104,126.4
P00931,16,98.2,86.6,101.5,102.6,100.3,99.9
P38631,4,105.1,125.3,112.9,122.2,92.8,103.5
P10664,15,101.6,96.8,98.5,92.8,98.5,98.7
P18961,4,115,91.1,118.4,136.2,108.1,118.7
P34087,1,128.3,117.3,130.1,128.8,133.2,131.2
P04801,19,106.9,104.3,105.5,108.3,104.1,105.6
P50094,8,102.8,112.9,114.5,103.1,103,99.5
P39730,14,101.2,101.7,94.5,102,99.7,102
P05740,6,92.9,101.2,98.6,93,94.7,94.8
P49090,14,96.4,99.9,104.1,104.1,102,105.7
P41277,9,104.1,98.8,102,105,99.7,106.2
P43123,8,104,101.5,97.7,96.7,97.7,109.1
P40580,4,97.1,109.3,109.9,98.7,96.8,91.9
P53334,3,88.1,74.8,79.9,119.3,74.7,110.4
P02400,6,114,105.8,105.9,103.5,100.7,101.4
P39533,8,103.5,105.5,99.6,91.1,99.5,105.3
P69905,5,73.5,71.7,71.7,103.8,102.1,121.6
P05373,3,109.5,111.2,111.7,109.5,109.1,117
P40202,3,105.1,105.7,107.1,100.1,101.6,105.6
P01094,1,57.5,56.8,31.5,56.1,71,69.8
P32288,13,97,98.7,100.8,95.2,98.2,96.6
P43598,1,116.7,146.2,104.4,91.8,97.8,85.4
P38077,8,99.3,110.8,98.8,108.2,97.7,105.8
P07246,9,103.9,104.9,103.1,100.6,94.7,99.1
P43635,1,53.5,NA,73.1,59.5,70.2,52.5
Q07648,1,112.1,104.2,95.4,94.7,98,96.7
P32447,1,99.6,88.1,89,98.9,97.4,95.6
P10145,2,30.5,35.9,35.1,83.1,95.2,98.6
P11633,1,114.2,114.5,105.7,88.5,92.4,101.4
P22353,1,94.9,106.7,111.2,97.2,98.7,94.2
P40302,5,104,98,100.4,156.6,96.2,93.8
P53978,9,124.8,121.8,130.7,121.2,120.1,119.8
P01127,6,43.8,41.3,37.2,104,95,92.2
P36013,2,173,40.9,35.4,156.1,NA,32
P53731,7,115.6,112.9,111.7,114.9,112.7,105.5
P40159,1,150.4,118.7,101.6,136,107.8,101.3
Q03868,1,93.9,85.8,71.6,147.2,119.5,107.5
P40303,5,98.8,89.9,105.8,102.3,99.1,104.1
Q08742,1,142.3,124.2,133.5,136,132.7,142.2
P32179,2,91.8,91.2,129.4,111.5,95.2,95.6
P00560,34,100.4,100.7,103.8,99.9,99.3,99
P01098,2,70,73.1,75.3,73.8,75.7,81.7
P00830,20,101.9,101.7,99.5,99.3,98.1,97.8
P47154,2,113.6,113.9,119,108.9,104,113.8
P07806,30,103.7,103.5,103.8,97.2,99.3,100.4
P32565,12,105,102.8,106.4,108.3,97.6,96.9
P38986,1,93.6,94.3,117.9,234.3,75.7,NA
P0CT04,5,107.3,106.1,118.1,118.2,107.9,101.3
P07267,14,93.7,93.7,91.2,94.8,92.6,93.2
P31787,5,100.2,103,101,94.3,103.6,102.3
Q12692,2,83.7,93.6,NA,93.6,87.5,NA
P01097,2,72.2,71.5,62.4,63,67.7,52.2
P07263,7,107.2,98.4,99.1,90.2,89.5,86.4
P36017,5,110.9,93.9,100,103.3,100.4,105.9
Q12285,1,118.4,99.8,90.1,99.6,94.9,110.3
P38968,10,105.6,103.4,106.5,100.1,92.7,98.9
P25372,1,106.4,108.9,111.5,107.2,97.6,115.4
P25342,1,127.5,NA,126.3,120.5,111.7,129
Q03835,2,95.9,105.4,84.9,85.7,82.6,96.1
P33299,4,108.7,100.7,106,94.5,102,100.2
P38886,4,116,111.9,112.4,107.1,103.1,110.7
P05744,4,95.1,104.8,102.5,97.6,99.3,103.5
P39744,1,106.3,121.9,132.3,104.6,106.6,105
P26637,27,98.1,97.2,90.7,97.7,98.9,97.5
Q08723,6,102.6,101.7,102.4,101.8,97.3,98.6
P38892,9,103.5,94.4,78.6,80,96.2,98.9
P06787,4,111.9,93.7,98.7,98.4,110.5,96.2
P36421,14,103.5,100.8,99.9,98.8,107.4,104.1
P40531,14,97.2,95.7,102.8,96.7,89.7,103.3
P15496,7,93.6,91,94.3,87.5,89.3,89.4
P08263,8,72.4,75.5,75.5,117.6,116.5,105.6
P12695,5,69.1,101.3,77.1,97.1,76,107.7
P00330,17,102.5,102.8,100.9,98,103,98
P32340,5,107.3,85.9,98.4,91.1,93.1,108.4
P00445,11,98.9,103.8,99.7,96.8,94.8,97.7
P46683,2,96.9,85.6,77.7,90.7,96,68.8
P53723,1,104.6,118.3,NA,112.5,124.9,127.5
P02293,4,99.7,109.7,98.2,102.1,101.3,100.3
P26570,4,85.6,101.3,99.8,99,96.2,93.3
Q05016,13,100.2,102.9,98.1,101.3,98.9,99.1
P00128,5,115.1,116.4,118.1,114.8,113.3,92.5
P32861,12,92.2,95.9,99.8,98.1,91.5,90
P38911,4,99.5,73.2,95.7,91.9,101.7,96.7
P32589,29,101,98.8,99.2,102.5,95.4,95.9
Q12165,2,90.3,86.2,98.2,103.6,104.7,106.1
P42940,1,NA,NA,NA,NA,NA,NA
P00358,28,94.3,95.9,95,104.5,101,99.2
P22217,7,115.6,115,117.9,113.1,111.3,110.1
Q06705,1,118.5,109,117.8,109.4,113.7,93.2
P00918,9,46.9,44.7,45.4,117.4,123.1,124.9
P40495,6,104.2,103.8,104.1,101,99.5,101.4
P14126,17,98.3,102.5,97.5,102.1,94.5,96.2
P16649,5,117.1,117.4,107.7,91.8,106,100.9
P46680,5,99.2,101.3,99.2,97.4,93.3,103.3
P01031,4,74.6,78.2,76,105.1,114.5,81.7
P10636,15,54.3,54.5,49.3,125.2,120.8,118.4
Q3E764,1,119,120.6,117.2,119.8,113.5,107.2
Q3E772,2,119,111.9,109.7,79.6,85.4,85.1
P38235,2,107.1,122.5,104.3,106.5,110.6,104.3
P35844,6,106.8,114.8,98.2,86.8,94.2,94.3
P15646,8,105.4,94.8,95.6,113.6,105.1,106
P04040,25,42.9,43.3,44.2,125.1,121.7,124.1
P40582,6,98.1,106.6,108.3,100.3,101.2,98.6
Q04175,3,93.7,101.5,99.4,102.5,96.4,102.3
P53111,4,100.5,104.5,107.3,100.7,97.4,91.4
P53250,3,102.9,106.9,100.1,117.6,100.8,108.4
Q07653,2,36.6,49.8,47.2,51.1,70.4,85.7
A6ZVM6,1,NA,126.4,NA,NA,NA,NA
P63165,10,45.8,34.5,47.9,114.4,123.1,125.4
Q08977,11,103.9,97.6,101.1,100.5,102.9,99.1
P11986,2,60.8,60.3,64.2,92.1,110.6,112.5
Q08412,2,66.6,101.7,107.3,41.8,100,111.9
Q96VH4,1,110.7,111,112.8,114.5,117.9,111
P35176,2,72,72.4,82.7,87.7,84.4,76
P0CX52,11,106.1,98.8,103.4,95.5,96.1,97.9
P17709,11,99.9,102.6,99,96.8,98.3,97.4
P03965,21,98.3,95.3,101.8,91.4,95.2,102.4
P33317,2,109.9,108.9,108.4,102.3,90.7,104.2
P39990,4,102.2,102.3,99.2,94,100.3,99.7
P40433,1,98.5,98.2,109.4,112,94.4,104.8
P00815,9,107.6,106.1,102.8,109.4,96.6,99.2
P25087,7,106.7,105,98.3,107.1,99.2,99.5
Q01939,4,105.6,95.7,103.4,98.3,101.9,96.3
P18239,15,102.6,107.1,105.4,100.5,102.7,99.8
Q12329,3,77.5,84.6,85.4,93.9,104.3,107
P23641,9,87.4,100.5,101.8,96.4,104.4,105.9
P18759,2,99.5,99.2,98.3,98.3,91.7,91.9
P07143,3,95.9,98.1,99.8,97.6,96.9,96.3
P0CX83,6,104.5,105,101.3,105.8,97.8,102.6
P17555,9,95.5,137.9,124,91.6,118.8,127.3
Q04341,2,107.8,106.6,112.7,77.5,105.2,102.2
Q12460,8,82.4,97.4,103,88.3,83.8,92.4
P27809,2,104.9,103.1,107,106.7,98.7,108.1
P26263,6,NA,NA,NA,NA,NA,NA
P05319,4,104.1,108.5,109,101,102.7,102.3
P38116,3,105.1,93.2,109.4,94.9,95.5,118
Q03048,4,102.6,102.5,104.6,105.2,105.2,104
P11745,7,93.3,97.6,94.6,87,108.5,99
P09201,5,87.9,96.4,93.3,94.7,92,91.8
P28272,10,101.5,99.6,93.1,98.7,97,99.3
Q12166,9,103.5,119.5,94.1,100.7,104.5,100
P22768,10,98.4,98.8,96.5,94.7,93.4,96.8
P36010,10,94.1,102.6,101.4,98.9,88.1,102.3
P50085,1,78.5,87.8,101.3,94.9,94.5,107.1
P11484,32,101.9,102.9,107.1,99.5,100.8,98.2
P26784,8,97.7,101.3,91.7,97,103.8,102.1
P22943,7,90.8,94.3,93.5,92.4,88.9,91.7
P53912,10,100.2,103.8,105.5,100,99.5,103.1
P53849,4,79.4,82.9,86.5,86.4,90.7,96.1
P49334,2,108.8,105.4,101.1,171.1,101.2,124.4
P0CX31,8,100.1,92.9,87.9,94,89.4,91.3
Q12207,1,260.8,180.6,135.2,89.8,54.3,NA
P28274,2,114.1,82,67.1,93.5,108.3,75.3
P32599,20,94.6,91.4,95,93.1,94.3,102.4
P32337,4,88.1,81.9,77.4,105.5,89.9,70.9
P07149,62,100.7,99.5,101.8,100,100.3,99.5
O43137,3,111.7,110.7,110.3,112.8,107.3,105.7
P53738,1,95.9,134.1,112.5,102.2,104,82.7
Q08972,11,103.9,97.7,95.5,103.9,108.8,101.5
P11076,9,107.4,103.3,104.4,107.9,107.5,105.2
P47120,6,103.8,90,111.2,102.9,75.2,95.6
P53860,2,40.8,42.2,49.4,126.9,62.8,127.4
P05453,4,113.8,104.4,115.6,102.7,98,102.9
A6ZYX7,1,168.9,146.7,84.7,171.2,NA,NA
P25349,6,112.2,108.7,114,98.3,98.1,108.9
P41811,8,105.9,105,99.4,96,99.2,93.9
P38773,2,92.1,95,104.4,108.7,114.6,106.1
P30902,2,102.5,96.7,107.7,128.8,105.8,104.2
A7A0V3,9,102.3,100.2,100,101.3,101.2,99.2
P09064,6,115.5,109.5,122.1,116.3,124.4,125.1
Q07540,1,NA,NA,264.3,NA,NA,263.6
P52286,1,NA,NA,NA,NA,NA,NA
Q12074,11,91.6,94.6,105.1,98,97.7,101.6
P54838,8,99.8,102.4,98.1,101.2,104.9,107.6
P07991,2,71.4,114.7,104.2,106.4,101.9,103.9
P43585,7,95.8,98.1,97.7,102.5,92.6,101.2
P02309,5,103.2,103.6,103.3,103.8,103.7,106.8
P47133,1,105.9,98.9,117,121.9,116.2,76.7
P05738,8,102.3,107.5,100.3,109.6,106,87.3
P36059,2,75.1,98.3,90,70.5,90.8,97.3
P38765,2,106.6,124.1,112,109.6,106.4,111.9
Q04951,4,121,116.9,129.7,118.4,125.1,67.9
P00942,21,103.4,103.5,106.1,105,107.6,107.1
Q06485,1,213.3,93.4,175.3,85.5,NA,175.7
Q00764,8,104.6,110.2,75,108.1,108.7,104
P05750,17,99.8,100.5,99.2,99.8,99,101.8
P0CX24,12,98.5,100.2,98.5,96.9,96.5,102.5
P42942,1,NA,93.1,NA,90,89.9,98.4
B3LJA2,1,95.4,96.2,114.6,102.9,94.6,100.4
P39986,1,94.1,117.3,91.8,95.6,109.4,105.8
P32459,1,88.6,82.4,127.9,77.1,116.8,66.6
P17649,11,86.7,85.9,76.9,88.7,148.6,156.6
P28777,8,123.3,77.6,101.2,87.6,98.3,111.2
Q3E834,1,97,104.5,78.7,86.7,98.7,102
P49573,2,102.2,108.1,95.4,106.5,114.2,83.1
Q08193,5,104.8,103,100.5,96.4,94.6,96.5
P34216,10,109.6,111.3,106.9,106.4,99.5,92.8
P80235,3,141.5,138.6,106.7,101.2,82.6,78.4
P12688,4,110,105.3,111.1,94,105.4,108.6
P53900,1,116.1,119.6,108.2,110.4,98.4,96.6
P38216,1,73,35.7,71,70,64.3,61.2
P31688,6,104.5,101.1,100.5,112.1,113.5,114.7
Q05933,3,99.9,104.8,95.3,88.4,95.2,94.4
P13574,1,109.3,107.4,108.6,95.8,96.6,102.6
P29453,20,102,105.5,101.3,98.8,96.6,99
P26785,8,100.6,101.2,101.2,94.7,97.6,96.5
P05318,3,101.3,99.4,95.6,96,101.3,102.5
P10592,40,106.5,103.5,105.9,102.3,99.3,103.1
P54860,1,NA,138.7,NA,NA,150.7,152.1
P04912,4,104.3,109.2,88.6,98.7,108.1,102.4
O14455,7,99.4,100.5,102.7,98.7,96.7,95.1
P21965,9,98.1,96.1,88.9,88.1,96.1,99
P47075,11,94.2,89,94.6,88.8,94.3,96.9
Q02753,6,102,102.1,102.4,104.8,105.4,103.6
P39976,5,105.9,103.5,101.7,87.2,93.7,100.2
P38720,31,97.6,100,98.5,95.8,98,99.2
P53598,4,104.6,106.8,105.7,80.7,102.4,100.2
P17255,40,102.6,102.3,102.7,101.1,96.7,99.6
P30952,19,101,98.9,98.3,96.2,97.2,98.6
P40422,1,96.3,103.5,87,286.4,297.5,NA
P29311,18,96.5,99.1,99.2,102.4,104.2,101.9
P28319,3,104.1,99.8,102.5,99.3,97.9,103.2
Q08220,3,108.2,123.9,120.2,106.9,113.2,112.3
P16603,3,104,116.3,90.4,79.2,91.7,75.9
P41921,6,93.2,102.7,96.9,99,98,98.3
P38791,3,117.9,115.9,114,113.7,109.9,113.4
P39966,1,100.8,114.4,105.6,102.3,102.5,91.3
P32368,2,141.4,51.6,48.1,173.3,57.2,200.6
Q01662,1,113.8,110.4,112.8,109.1,88.1,104.1
Q03104,4,102.8,105.3,94.6,135.4,129,77.7
Q06142,5,81.4,89.3,94,85,94.3,100.3
P00817,16,99.5,100.3,98.7,98.8,95.9,101.2
P39105,1,99.4,89.9,88.6,101.5,89.6,73.7
P07213,5,98.6,89.9,97.9,83.3,93.5,78.3
P53834,2,101.7,104.6,103.3,100.2,103.4,99.6
A7A261,1,98.9,84.3,86.5,83.8,97,105.7
P53839,8,104.7,107.2,100.9,106.2,99.1,103.6
P20436,2,87,87.1,93.6,94.7,94.5,102.1
P0CX41,5,99.5,97.1,96.1,95.3,96.9,101.7
Q01574,9,102.5,108.4,104.4,103.6,106,104.2
P0CX53,9,95.3,99.7,97.4,95.8,95.8,95.7
P34223,6,106.9,117.1,104.2,103.8,100.5,88.3
P23301,7,105,95.8,90.9,103.5,95.7,88.6
P07702,3,104.2,100,97.3,95.5,99.7,88.7
P20606,7,108.5,103.3,105.3,101.3,98.9,105.9
P53633,2,NA,241,NA,117.8,NA,99.9
P36139,9,102.6,102.9,115.5,92.1,99,102.2
P34760,16,100.3,100.1,99.5,98.1,108.1,101.6
P32590,11,106.6,104.7,105,88,86.6,99
P81449,2,112.9,109.8,110.4,108.5,99,96.2
P30402,3,105.2,94.1,105.3,106.1,103.9,91
P01008,16,37.1,37.1,38.5,119,118.6,121.6
P07259,88,105.2,103.6,103.3,101.4,100.3,99.3
P00044,2,67.8,87.2,109.9,103.7,134.8,67.2
P15019,20,101,105.8,102.7,102.1,101.4,105.5
P32860,4,40,80.8,71.1,61.2,100.7,114.3
P00709,5,52.5,52.4,50.7,127.8,121.5,117.2
P00401,1,83,99.8,93.9,109.1,107.6,107.2
P53292,1,78.9,77.8,69.9,90.2,63.5,86.7
P36046,1,113.8,114.6,110.5,81.9,87.1,103.3
Q86ZR7,2,85.8,99.6,85.1,101.4,111.1,93.5
P28007,2,103.5,97.3,103.8,103.3,105.5,106.7
Q08300,1,113.7,112.7,125.7,96.8,101,85.2
Q2V2P9,1,112.4,103,110.5,121.9,87.4,105.5
P40081,2,85.9,89.6,105.8,113,110.3,79.2
P32610,2,NA,NA,NA,72.4,48.5,102.8
Q06103,2,109.8,111.4,108.7,103.4,105.7,95.4
P25293,7,101.4,101.2,98.7,105.6,107.9,107.7
P07274,4,114.5,112.1,93.6,82.4,96.7,100.9
P24280,7,107.4,105.3,106,100.1,96.1,104.9
Q12109,5,100.7,94.4,110.1,107.2,94.1,102.9
P38903,1,415.7,389.8,NA,NA,NA,NA
Q06523,5,100.3,93.8,77,110.2,91.6,99.9
P00950,16,97.8,98.5,99.7,96.9,100.8,97.9
P39078,4,105.2,99,98.6,85.6,93.8,98.3
P33331,5,99.3,101.9,102.7,101.9,101.3,101.4
P13663,12,103.4,100.8,99.4,96.9,100.1,103.1
P48015,2,103.6,107.3,108,94.2,96.8,104.3
P22137,29,106.6,101.5,105.4,105.1,104.4,106.1
P47122,1,86.9,94.8,83,93.3,86.6,81.5
P17076,18,83.3,90.8,59.9,93.2,71.6,87.7
P22146,3,110.7,109.4,104.8,112.3,102.5,99.1
P33338,1,NA,NA,NA,NA,NA,NA
A6ZZH2,3,125.7,97.8,123.2,70.3,64.9,152.3
P36114,1,110.6,103.2,107.5,110.3,92.4,79.5
P04456,3,98.9,102.4,102.8,96.4,98.1,98.3
P39103,1,106.2,107.9,112.3,128.9,113.7,89.8
P38295,4,109.5,101.4,104.9,104.8,96.3,97.8
P47064,1,92.1,82.5,102.3,106.1,127.9,117.9
P05030,18,94.6,95.6,103.2,103.9,96.5,99.2
P04802,25,101.7,105.1,110.6,100.1,99.5,97.6
B3LN00,1,115.7,107.7,129.8,114.2,95.6,86.6
P05626,3,102.7,95.3,102.6,101.8,100.3,102.1
P38777,6,93.1,147.4,140.2,96.3,86.2,82.2
Q12044,4,98.1,126.7,117.6,118.2,94.5,92.9
Q00955,34,98,97.8,102.5,96.7,102.9,99.9
P53297,4,51.4,55.3,50,40.1,47.3,43.6
P32445,4,92.6,94.4,94.5,87.4,93.7,95.1
P40363,1,99.7,105,101,107.3,91.7,97.4
P00890,21,101.1,103,102.2,97.9,98.9,102.1
P35723,3,103.5,101.2,104.2,92.9,95.6,94.4
P34160,1,108.8,113.2,124.8,100.7,122.5,102.2
P32356,2,90.1,105.2,96.6,98.7,86.4,90.4
P39079,2,86.7,86.9,97.9,89.3,103.8,87.3
P49089,17,101.5,106,102.8,97,94.6,102.2
P47912,2,124.2,115.5,113.5,28.1,115,29.9
P01112,7,50.2,37.6,60.9,116.2,109.2,108.6
P05748,7,99.2,102.3,98.7,95,94.7,92.8
P01579,4,43.3,46.4,44.7,108.2,109.2,113.9
P32335,3,88.4,94.3,86.5,100.8,102.3,92.3
P38754,10,98.1,100.2,97.6,97.3,94.2,98
P07283,10,94.7,95.1,97.8,99.6,97.2,100.2
P05756,6,101.8,103.6,103,103.2,107.1,102.9
P38144,1,162.2,NA,69.5,70.3,66.5,NA
P54839,18,97.4,95.6,97,97.1,96.6,98.6
P32582,26,102.7,90.2,93.8,91.5,103.6,100.6
P47079,7,100.5,108.1,97.5,93.9,98,97.8
P47039,1,NA,NA,NA,NA,NA,NA
Q04062,6,93.4,117.8,111.2,113.8,88.9,91.8
Q00711,6,76.4,113.2,103,70.8,93,99.8
Q05359,1,106,100.1,102.2,97,95.4,91.4
P38205,5,99.9,103.7,95.7,96.1,93.1,89
P14742,17,91.6,106.4,88.4,96.2,95.2,100.8
P47119,3,46,54.2,75.1,79.9,136.7,85.5
P32796,1,173.4,180,NA,NA,153.8,130.8
P23638,5,116.3,110,112.6,109,105.7,100.8
P43582,2,126.1,107.8,103.1,100.5,97.6,98.9
P0CX55,13,98.4,96.1,97,100.2,98.2,97.7
P36015,5,98,98.5,101.4,131.1,111.2,111.1
P25644,1,88.4,NA,NA,68.3,109.6,NA
P32476,3,107.8,112.3,103.9,107.3,96.5,101.5
Q05029,1,109.6,111.8,84.3,119.6,112.2,142.9
P02741,3,84.7,76.7,78.3,116.4,115.7,109.5
Q12363,12,102.3,101.9,99.1,101.8,96.6,97.5
P27614,9,95.8,100.9,98.9,108.7,100.8,106.2
P00427,5,97,95.7,86.3,83.9,95.4,79.4
P53889,1,90.6,91,104.5,80.2,96.5,88.4
P40462,1,108.5,117.6,103.1,130.2,108,128.2
P31373,14,90.6,99.7,101.7,99.4,99.2,97.4
P32463,3,95.1,94.3,90.1,95.5,82.5,87.6
P0CH09,8,72.1,114.6,76.6,114.8,82.4,88.6
P09211,5,37.4,34.4,34,113.8,120.6,119.3
P40037,7,101.4,104.3,107.6,83.3,98.5,104.1
P39968,2,91.6,104.5,100.4,96.8,80.9,84.3
Q01852,1,82.7,99.8,89.3,105.9,124.9,130.4
P16547,5,101.3,107.3,104.2,99.1,103.4,105.6
P32505,2,103,108.4,91.3,94.5,115.1,101.9
P47123,2,107.2,120.7,117.6,105.5,102.5,110
P46367,23,97.2,94.4,93.2,103.4,102.5,100.1
Q06151,10,99.8,100,102.5,103.7,97.8,97.8
P38625,13,89.2,104.2,86.4,102.2,109.3,95.6
P33303,1,122.6,106.9,107.4,114.3,90.5,107.3
P38145,1,127.5,119.6,97.1,101.7,84.1,93.8
P13517,3,117.5,100.3,115.3,114.4,101.9,99.2
P04050,5,109,97.3,115.5,79.8,94,94.4
P40017,3,122.1,117.4,108.5,107.3,54.3,74.5
P38891,12,105.1,100.2,102.9,102.8,98.3,99.9
P28707,5,99.1,111.1,106.3,100,96.9,98.3
P00724,3,103,111,107.7,116.2,106.4,97.7
P07278,5,96.3,98.2,97.1,91.9,97,98.1
C8ZER4,7,108.9,90.9,101.4,86.8,97.2,88
O00762,9,44.3,44.1,47.1,126.5,124.4,122.7
Q06177,1,NA,NA,153.3,NA,123.9,143.6
Q12091,2,79.1,55,98.2,104.8,125.3,122.2
P14127,9,102.2,107.8,107.5,102.1,99.6,103.2
P32324,51,99.7,98.7,99.3,102.1,102.3,101.7
P15891,14,103.4,104.2,101.6,100.5,93.2,92.7
P39743,5,109.9,111,96.2,91.2,88.8,88.7
P53295,1,158.7,NA,156.6,NA,150.1,80.8
P08518,2,100.8,101.3,111.6,105.5,97.3,112
P29952,12,102.2,102.3,99.7,102.6,103.5,101
Q03768,2,104.6,110.4,108.1,105.7,106.1,102.2
P02829,45,93.4,93.1,92.1,92.3,97.4,95.7
P53081,4,107,93.1,99,70.7,82.8,82.6
P32897,1,138,124.7,116.2,145.1,114.6,153.1
P32521,2,43.2,70.9,75.6,78.3,81.6,88.8
P14747,4,112.3,106.4,104.5,92.5,90.3,89.5
P20967,18,94.8,95.4,101.3,99.1,95.4,98.9
P12385,4,93.4,103.7,110,106.8,109.7,108.9
P33201,2,109.1,119.2,101.2,93.8,107.3,91.7
P53549,3,86.7,92.1,91.9,85.2,109.9,97.9
P00924,27,97.1,98.4,97,92.7,98.7,96.6
P38701,7,102.4,103.3,105,96.9,98.2,94.2
P38197,4,59.1,114.6,137.5,126,75.7,116.2
Q01476,1,NA,NA,NA,NA,NA,NA
Q3E7Y3,4,99.7,99.2,107.7,96.5,99.4,104.4
A6ZYI0,11,93.7,102.5,93.4,92.2,100.4,103.3
P20449,3,105,108.1,101.1,97.5,92.9,94.2
P0CX10,2,113.8,116.3,125.2,112.7,103.9,110.4
P25343,2,100.8,97.4,96.4,108,105,91.3
Q3E792,3,92.9,91.2,103.3,83.2,102.6,107.6
P17891,1,97.3,97,104.9,103.5,103.4,102.9
P14120,4,97.8,97.7,103.6,103.3,109.2,113.4
P51965,4,62.4,52.7,50.3,127.5,115.2,123.7
P36018,2,97.7,109.3,98.4,92.1,76.3,80.8
Q06146,5,100.8,97.7,99.5,95.4,96.6,98.3
P06780,8,113.3,104.6,114,107.9,105,105.4
P47143,10,96.5,95.3,93.3,94.6,92.4,92
P12904,1,103.7,94.8,87.2,114.1,113.4,99.1
E7KDM2,3,114.3,113.6,112.1,101.9,99,93.5
Q03195,11,100.2,100.6,100.4,99.2,94.6,97.8
P07280,9,96.8,99.3,98,97.8,102.6,103.2
P0CX81,2,121.3,108.9,102.6,97.7,84.5,75.6
Q99258,7,98.7,91.9,92.2,82.3,84.7,76
P0CX09,8,107.5,110.5,105.7,104.6,98.6,99.6
P47068,13,98.7,117.1,119.7,111.2,101.5,108.7
A6ZR27,1,105.1,95.1,87.1,109.1,121.9,109.1
P41816,3,93.7,90.2,89.6,98.1,97.4,105.5
C8ZCI0,1,110.5,98,113.9,111.6,93.6,105.9
P53221,10,101.6,94.3,94.5,106.9,106.9,99.3
P38910,4,108.3,110.6,108.6,106.1,102.1,102.4
P38115,12,99,104.6,104,100.1,91.2,100
P32471,9,97.6,104,101.7,93.6,92.2,93.6
A6ZQ59,4,99.7,86,107.8,101.7,101.6,108.1
P53066,3,73.9,65.6,64.9,116.4,115.6,115.2
P32614,8,110,93.3,96.8,96.6,93,97.8
P34227,7,109.1,103.3,99.6,102.4,128.7,98.8
C7GRP9,3,86.7,96.2,96.1,107.3,107.7,107.4
Q04371,4,97.9,110.7,110.7,136.4,107.9,97.1
P12962,2,121.1,109.9,107.5,103.3,93.8,82.4
P11491,5,95.3,96.3,92.8,86.6,95.5,95.9
Q02821,3,96.6,95.7,101.5,104.6,97,65.2
Q06252,5,113.1,106.2,103.7,102,108.4,113
P47018,5,102.5,108.6,107.3,106.7,104.5,111.7
Q05785,1,119.1,104.2,93.6,104.7,107.2,128.9
P0CX85,8,109.4,109.8,110.9,100.5,100.1,100.6
P22803,9,105,105.6,106,106.1,103,102.5
Q03790,1,179.3,134.9,177.2,NA,127,NA
P26783,8,102,102.6,103.5,96.3,100.5,100.1
Q04491,7,89.8,116.3,126.6,101,93.2,99
P33330,3,103.9,103.1,102.5,98.2,106.4,59.5
P54115,25,98.7,103.3,99.6,98,96.5,93.9
P22147,1,67.9,81,132.8,62.9,72.3,91.6
P53312,8,103,100.3,107.9,101.3,99.3,98.5
P23254,25,97.3,98.3,99.4,101,92.7,95.9
P32563,8,119.5,115,113.1,109,109.6,115.3
Q12464,6,96.9,110.8,106.3,103.2,104.7,103
P07262,24,102.9,102.8,100.3,99.9,96.4,98.5
P38788,21,105.7,103.9,105.3,104.1,99.6,102.1
P49367,1,91.2,112.6,115.8,86.3,101.9,94.8
P40024,6,85.7,106.8,113.4,85.4,85.1,86.9
P33892,2,116.4,120.7,98.8,109,102.1,103.5
P15731,2,100.6,102.9,105.7,105.3,110,109.5
P0CX46,8,101.6,100.2,99.8,101.2,103.1,100.9
P0C2H6,8,104.5,106.4,99.2,94.3,94.4,95.4
P32771,5,91.3,104.4,33.8,85.2,106.5,100.6
P35719,10,103.4,100.5,96.7,101.4,100.7,94.1
P41338,14,93,91.4,96.6,96.8,95.8,98.5
P11914,1,104.3,105,96.1,101,101.3,94.1
Q07505,5,100.8,100.6,98.1,103,95.1,98.6
P99999,6,48.3,52,49.1,129,116.3,105
P0CX43,8,105.2,104.1,107.4,104.1,107.5,106.5
P39936,2,55.8,55.1,73.2,133.9,115.7,70
P40564,1,85.3,73.4,76.4,70.8,80.6,102.7
P25375,2,96.7,77.1,86.9,92.5,70.6,200.2
P16120,22,101.5,103,102.5,103,98.7,98.3
P32454,21,104.8,99.1,98.9,98.5,95.2,94.6
P32527,12,102.7,100.5,106.2,100.4,105,96.5
Q12018,1,127.4,NA,140.4,108.4,160.4,143.9
P31539,38,104.7,106.4,104.5,101.7,98.2,99.2
P38972,19,101.1,89.2,98.3,102.4,97.2,91.1
Q08971,3,96.9,101.4,98.8,106.1,111.3,104.6
P38264,3,104.1,108,109.1,101.4,116.8,105.7
P26786,8,105.4,105.2,102.5,99.8,105.3,102.6
P10599,3,44.4,37.5,36.3,104.9,110.9,120.4
P32468,2,60.7,151.8,88.7,92.9,76.6,81.6
Q05515,2,84,102.2,105,106.3,110.3,99.6
P0C2I8,10,104.9,104.4,105.3,103.2,105.7,104.7
P06168,16,97.6,96.1,98.5,94.7,92.3,96.4
P36136,4,97.9,100.4,100.4,107.8,96.1,99
P46784,4,108.5,99.8,107.4,110.7,107.5,109
P38328,4,103.1,91.7,101.4,93,96.3,105.3
P35179,1,108.5,110.3,104,98.6,91.2,97.5
P38013,12,100.5,99.5,100.8,99.9,100.6,104.9
P05743,10,96.8,103.7,101.9,91.2,88.9,101.3
P16451,3,106.8,56.1,99.8,101.4,82.9,115.4
P32316,18,106.9,105.5,100,111.7,105,107.2
P10622,1,100.1,106.4,99.6,106.3,108.5,106.3
Q06892,1,117.2,93.1,103.8,87.2,100.5,110.2
P11154,15,88.2,105.3,97.7,99.2,93.7,109.7
P12611,2,188.8,237.4,682.6,NA,273.7,NA
P40030,1,60.9,68.6,68.9,68.6,126.8,73.3
P39003,7,108.5,103.2,117.5,104,101,102.8
P25605,5,95.6,103.5,101.3,103.5,106.2,114.7
P05317,10,102.9,98.9,97.9,99.8,96.8,98.2
A6ZKM4,1,95.3,91.9,100.8,104.3,106.9,105.7
P39109,1,NA,NA,NA,NA,NA,NA
P15703,9,108.6,110.1,104.4,99.1,101.8,102.7
P47176,12,102.3,98.5,100.5,99,100.1,100.2
P25039,2,97.1,102.9,100.9,102.7,93.6,99.8
P38999,10,101.4,95.8,103.2,101.1,97.1,99.3
P21954,21,103.1,96.6,99,94.7,98.9,98
P08679,1,105.2,96.7,102.9,88.3,81.3,89.1
Q03964,2,97.4,111.3,132.9,97.5,113.9,131.7
Q03558,18,91.5,93.9,96.4,102.3,92.6,98.7
P38810,1,112.8,129.2,106.8,86.1,99.9,89.4
P38345,1,108.6,114,110.2,78.9,72,122.2
P14540,16,104.6,101.4,98.7,99.3,100.5,100
P40185,7,100.1,99.3,98.1,97.3,98.1,91
Q01163,1,72.9,204,26.8,15.7,149.4,21.8
P04037,4,101.5,107.9,104.1,104.3,101.8,97.7
P32608,2,104.9,102.5,105.6,97.9,90.2,102.5
P42941,2,119.7,118.6,110.2,115.3,102.5,98.8
Q12305,6,107.8,109.4,104.1,110.4,107.2,103
P20795,1,92.4,92.4,87.3,89.9,94.7,102.8
P43621,4,101.7,109.3,100,93.8,97.4,100.3
P39954,22,97.7,99.8,97.3,97,102,98.9
Q04067,6,111,99.2,108.5,103.7,91.9,87.7
P16387,7,98.9,104.7,97.8,93.3,91.2,99.7
P32891,1,93.9,96.4,111.2,95.9,105.8,89.8
P04076,15,101.6,99.3,101.1,98.3,97.2,96.4
P06634,10,118.7,112.9,114,103.2,109.3,85
P27999,1,120,113.9,120.1,96.8,99.6,94.7
E7QIA1,3,97.3,92.5,81.7,97.1,80.3,101.4
Q12335,9,101.2,104.2,100,102.1,98.5,98.9
P38708,11,102.9,103.3,102,102.3,95.2,98.1
P10080,5,101.4,93.9,105.8,93.5,101.8,110.9
P40150,32,97.8,99.1,101.5,101.1,102.1,102.6
P0CX38,11,100,102.5,98,96.3,92,92.9
P38934,17,104.7,104.3,101.2,101.9,104.8,104.9
P13188,12,88.1,85.6,98.3,101.3,103.9,104.9
P53184,7,98.3,97.9,95,93.8,99.5,98.2
P39013,2,109.1,101,100,112.1,128.5,75.3
Q08225,1,107.8,113.7,127.1,118.4,NA,NA
P10591,41,102.3,102,101.8,100.9,101.6,101
P38075,7,90.9,90.5,88.2,88,96.7,112.1
P39939,4,112.3,112.4,107.4,105.2,98.8,98.3
P02406,8,108.4,102.7,103.2,100.6,97.7,108.3
P12612,4,111.3,106.5,110.7,110,114.9,112.9
P34221,2,114.3,100.8,104.1,101.2,94.9,94.9
P02144,6,35.6,38.9,41.7,103,111.2,110.5
Q12118,10,101.5,98.5,90.7,96.6,96.1,87
P14904,8,116.9,112.2,111.2,114.1,108.8,106.8
P41807,8,91.4,100.9,95.5,95.3,100.2,82.2
Q07688,2,78.5,80.6,87.5,73.4,93,112.6
A6ZZJ1,1,NA,132.7,138.3,134.2,132.8,118
P38427,3,123.9,104.1,65.8,104.1,75.2,73
P40483,6,105.7,93.5,93.1,101.9,92.7,104.5
P54885,6,88.9,91.2,97.8,100.5,94.2,104.6
P12081,23,49.4,48.8,44.9,110.9,110,108
P52893,1,103.6,105.1,96.4,91.7,102.6,89.4
P23337,1,107.1,107.9,101.4,107.1,97.2,103.7
A6ZRX0,2,101.6,109.6,94,107.9,97,95.1
P22696,2,110.1,111.4,93.5,123.4,93.5,80.4
P00498,7,99.1,107,103.1,99,99,95.8
P32803,1,NA,NA,NA,NA,NA,200.4
P53301,7,99.9,102.7,108.1,102.7,99.2,95.9
P06738,24,100.8,104.5,113.8,109.6,94.3,95
P04806,23,98.8,98.4,99.8,98.4,96.1,99.4
P49954,3,118.2,107.3,104.8,104.7,106.4,95.7
Q12349,2,89.2,104.7,95.6,97.7,95.2,91.7
P07560,3,102.5,105.7,100.8,97.1,96.6,103.5
A6ZPJ1,8,92.8,75.3,99.1,95.3,90.2,97.1
P00927,2,100.6,88.5,100.7,88.5,105.7,91.8
P89886,3,115.7,99.3,105.9,99,96,105
P01133,1,54.8,52.5,51.7,121.6,118.2,110.7
P11353,1,98.9,101.4,99.7,104,98.7,98.5
P40893,7,85.2,87.7,93,89.7,85.3,120
Q01855,2,102,100.1,100.3,94,94.6,104.6
P48606,2,144.5,81.7,86.4,91.8,97.3,91.7
P0CW40,5,98,101.4,100.5,98.3,89.7,103.1
P32352,1,92.2,97.6,101.4,107.8,99.5,97.2
Q10740,6,89.1,110,111.3,89.9,113.4,108.9
P09734,4,126.7,190.6,188.5,138.2,NA,177.3
A6ZRW1,2,118.5,101.3,118.8,93.4,107.1,91.4
P10869,4,104.6,119.7,110.6,103.3,107.1,107.9
P33322,5,102,99.4,98.9,96.6,95.4,101.6
Q02795,1,103.6,99.8,99.7,92.9,87.4,89.1
P12945,2,100.1,94.9,104.5,97.1,94.7,93.5
P40069,21,103.7,103.2,103.9,97.8,92.3,95.6
Q00245,1,142.3,176,NA,NA,160.5,NA
P32787,1,NA,114.9,NA,106,NA,125.7
C7GQJ1,2,79.9,111.1,112.3,105.3,102.4,101.3
P32867,3,91.8,93.1,93.6,79.9,95.7,98.9
P39935,8,90.2,106.2,86.7,115,119.7,96.7
P28240,19,91.3,97.3,88.8,101.1,96.3,102.6
P36154,1,NA,115.1,105,94.2,NA,115.9
Q6Q546,1,94,110.9,91.8,95.6,102.4,99.1
P23180,8,87,97.6,93.8,98.9,90.9,87.3
P11412,14,95.1,92.4,96,94.1,101.9,106
P20081,6,105.7,105.8,102.8,98.8,98.4,97.1
P57744,1,109.3,109.9,127.8,103.5,93.2,110.4
P49167,3,104.5,113.1,113.1,98.1,92.4,90.3
P0C2H8,6,108.7,107.7,101.5,104.6,97.2,106.9
P33307,2,115.3,114,102.6,97,100.8,112.6
P33416,19,97.8,102.7,105.4,94.5,96,98.9
P43616,15,108.1,107.3,96.4,105.8,97.3,90.8
P38061,3,99,99.1,98.2,98.8,96.8,94.7
Q12178,2,99.1,74.6,100,105.5,106,76.1
P0CX30,5,102.5,105.9,98.8,102,92.2,92.9
Q12447,7,95.3,93.4,100.2,94.8,92.5,93.8
P01123,4,108.8,109.9,107.2,106.5,112.2,106.3
P22203,9,108.7,106.2,105.2,106.6,103,98
P41920,5,83.5,69.2,80,86.4,104.4,106.7
P04046,2,100.7,96,95.9,100.6,102.5,99.7
P32626,3,108.3,106.5,113.3,100.9,104.8,115.9
P42943,7,95.3,83.4,95.3,89,71.4,94.4
Q04636,1,148.1,69.4,169.9,NA,80.3,130.2
P39077,8,120.8,99.3,120.8,113,91.7,98.7
P19881,2,72.7,73.1,88.7,91.1,104.9,94.8
P46672,12,97.9,108.7,105.1,97.8,102.3,104.3
P25332,3,103.7,94.9,104.2,98.9,107.6,102.9
P33775,1,57.9,66.7,112,96.4,72.8,153.8
Q3E754,6,100.1,87.5,93,92.6,93.6,91.5
P36135,4,106.7,109.8,105.7,100.3,94.9,92.4
Q12250,5,111.7,110.7,105.4,74.6,110,112.8
P62937,8,55.2,51.3,48,131.5,122.3,122
Q04304,3,107.5,108.1,108.3,102.5,103.4,63.7
P50861,4,100.9,95.8,97.7,97,98.2,103
P15705,25,95.6,98,98.3,97,93.9,91.8
P25719,4,96.4,96.2,102.4,105.3,92.4,89.2
P00729,4,100.4,96.1,97.1,103.5,107.9,111.4
P33734,6,98.4,98.2,89.3,96.5,94.5,99.6
P02768,35,44.8,44.7,45.8,112.1,114,113.2
P39683,6,121.3,107.5,121.2,111.8,116.5,95.9
P38998,6,97.8,75.9,97.6,98.5,87.1,101.5
P34730,17,101,100.4,92,98.9,97.2,94
A6ZRK4,6,102.3,108,117.9,113.6,109,111.2
P00899,9,107.6,107,108.2,93.1,95.3,91.6
P53235,6,95.8,100.8,95.8,95.3,93.9,96.4
Q08686,1,102.4,106.1,103.2,91,87.8,104.7
P53691,10,99.1,94.4,95.5,103.1,103.1,106.7
P00958,11,107.4,113.8,99.7,102.5,99.9,99.4
P32453,1,128.4,125.6,137.1,125.4,NA,144.6
O13547,4,99.5,100.5,97.3,93.1,99.1,97.3
P40989,4,115.7,119.2,112,109.7,110,122.3
P54000,1,93.1,NA,100.4,96.5,88.4,98.3
P37898,11,96.2,96.1,101.3,104.1,93.6,99.6
P13298,8,108.3,102.8,106.8,106.8,107.8,110.3
P39940,2,100.7,126.3,98.9,117.6,94.4,99.8
P53131,1,89.6,89.3,91.7,102.6,108.8,89.5
P0CX34,1,89.7,109.3,93.6,106.7,109.7,98.9
P00045,3,94.5,94.9,94.9,89.6,99,84.5
P38314,1,134.5,109.6,111.7,89.4,113.1,110.9
P15624,14,101.8,100.1,100.6,100.7,101.8,100.8
Q03262,3,116.9,82.5,98,101,94.1,88.4
P33327,20,103.4,106.9,105.8,88.2,100.7,104
P53145,1,135.6,NA,140.2,NA,124.8,107.9
P53141,7,104.2,102,101,102.2,103.8,99.2
P00447,6,89.1,88.2,92.8,92.6,96.9,102.5
P19454,3,98.2,110,114.2,110.3,117.2,119.5
P27616,5,98.3,102,88.7,96.1,99.9,100.6
P39926,4,105.8,109.7,118.3,115.2,103.5,99.2
P43593,6,99.3,85.6,95.7,104.5,98,94.8
P06208,20,97.6,98.7,98.3,96.9,97.1,99.9
P38219,14,93.6,94.5,97.8,90,96.1,97.8
P40016,6,120.3,123.3,150,117,97.2,106.4
P39111,1,110.7,113.3,115.5,113.6,96.2,98.1
P36047,7,91.4,95.1,92.9,97.8,91.3,102.1
Q12443,2,109.5,112.8,114.1,116.8,100.6,97.4
P32774,1,89,97.1,94,105.1,97.5,100.8
Q12265,3,111.5,116.2,100.5,112.2,105.9,100.9
P41805,12,101.3,85.5,92.2,92,92.5,91.8
P54113,15,101.4,104.9,106.7,98.7,92.4,101
Q02326,10,103.6,100.8,103.5,100,102.9,99
P25623,4,116,87,111.8,109.4,104.9,94.4
P09938,13,108.3,105.7,103.9,104.9,106.2,108
P40513,4,101.6,81.9,104.6,110.1,101.5,110.8
Q03655,1,116.1,113.5,93.2,86.2,100.7,80.5
Q01976,3,100.6,93.6,101.4,95.9,97.8,97.1
P40165,1,142.3,145.2,144.8,138.2,115.6,93.2
P38206,1,95.2,96.6,117.5,95.6,110.7,153.9
P53852,8,100.6,97.3,104.9,96.9,100.2,99.4
P00915,8,45.1,44,45.8,114.3,122.6,122.7
P38840,12,98,102.8,97.9,98.8,97,100.5
P38074,3,41.1,37.3,43.4,42.9,41.1,138.5
P40217,5,101.2,106.1,103.1,100.5,95.5,99
P14020,6,103.7,106.4,88.4,98.8,96.7,98.8
Q12205,1,178,115.9,118.8,165.6,122.8,133.7
P38088,22,108.9,98.1,102.2,93.3,100.3,99
P04650,2,84.9,78.5,87.3,99.5,87.6,93.2
P41911,3,70.2,95.8,114.2,96.3,97.7,106.6
P41058,4,64.2,69.2,64.8,65,67,90.1
P17505,16,103.5,102.9,100.8,101.5,101.7,103.8
Q3E757,9,103.2,98.8,102.3,96.2,104.1,97
P53164,1,192.8,175.3,NA,161.6,131.8,NA
P40850,8,106,100.4,101.6,104.6,101.9,97
P38011,17,99.8,97.8,99.5,99.4,97,98.1
P06396,19,42.3,42.4,40.4,112.6,108.6,111.8
Q00055,11,86,90.3,83.7,79.4,77.4,86.9
P38143,1,111.4,85.4,116.4,120.6,116.2,90.3
Q12458,9,103.8,105.1,108,103.6,101.9,98.4
P53167,1,139.5,68.3,89.7,56.1,125.1,71.9
O94742,1,112.8,109.8,97.9,102.4,91.5,94.2
P38071,5,105.2,103.1,102.6,102.4,103.7,103
P25294,9,108.7,104.2,103.5,99.7,96,96
P21801,3,88.3,97.5,98.6,110,109.7,104.1
P35195,1,24.3,NA,118.7,73.3,188.1,NA
P32528,11,110.2,98.5,114.6,103.5,102.4,80.8
P47044,2,94.1,94.3,94.5,94.4,98.8,90.4
P00546,2,127.1,128.7,130.8,115.7,129.6,117.9
P60010,19,100.6,100,102,95.2,104,95.6
Q07657,1,109,84.8,95.1,86.8,86.4,82.5
P31383,6,81.9,87.7,135.6,130.8,89,102.7
P55957,7,43.6,41.8,46.5,122.7,122.2,126.5
P54837,1,NA,NA,NA,NA,NA,148
A6ZQJ1,20,102.7,100.8,102.8,100.3,102.8,102.9
P0CS90,26,101.9,102.2,101.7,98.8,97.9,98.6
P53252,10,102.9,101.3,104.8,99.6,95.5,99.6
P05749,2,94.2,84.5,230,82.7,88.4,71.5
P39958,3,103.9,108.1,103.9,98.5,98,105.6
Q12314,5,114.7,116.7,106.4,109.2,102.5,86.1
P32623,2,51,50.1,119.6,106.9,98.4,102.7
Q03020,1,197.5,161.8,187,175.6,NA,NA
Q04894,9,105.6,107,110.9,104.4,107.3,111.4
P38858,7,101.8,104.3,110.6,114,112.4,113
P22336,1,114.1,123,119.3,116,96.9,98.1
P38431,9,103.6,100.5,105.4,103.6,101.9,103.5
P07264,7,140.1,119.1,128,92.9,125.7,104.5
P40327,2,97.4,107.2,98,88.2,102.2,98.9
Q08446,1,NA,NA,NA,NA,NA,NA
C7GTE8,2,117.5,112,120.8,123.9,111,105.6
P38689,3,66,102.5,97.3,91.3,104,115.9
Q12452,1,82.6,106.2,103.3,99.5,98.7,88
P53630,1,82.6,75.6,61,116.4,96.8,123
Q12680,6,106.5,88.1,96.2,99,90.5,90
Q12123,4,86.1,88.4,32.5,105,101.9,93.7
Q06449,2,109,106.1,97.1,108.1,98.7,93.2
P40825,23,101.7,101.5,100.7,97.2,98.2,98.1
Q3E795,1,93.9,96.8,92,85.7,86,131.6
P25619,1,109,99.2,98.5,121.2,100.4,102
P19882,28,102.9,101.5,102.2,99.2,96.6,99.3
Q04344,4,98.9,103.9,78.7,85.8,101,89
P53163,2,97.2,100.5,98.6,95.5,110.5,95.3
P50107,3,27.1,93.7,97.8,118.9,115.1,114.6
P0CX40,9,93.2,98.4,96.1,93.3,97.3,99
P02753,3,67.8,57.8,52.9,109.7,118.4,118.6
P39708,13,98.3,102.9,97.6,103.4,98,105.4
P38629,1,NA,92.8,101.8,99.4,101.5,98.1
P38804,4,87.1,93.7,92.1,92.6,86.6,98
P39107,1,93.5,102.8,93.6,101.2,93.8,94.4
O13585,1,91.6,101.7,127.8,133.8,118.2,141.2
P32377,11,106.8,105.2,105.3,102.6,100.9,102.6
P43588,4,101.3,100.5,96.4,97.5,94.8,99.2
P08758,14,40.2,42.6,38.8,122.9,111.6,118.5
P17967,17,99,95.3,98.7,97.3,96.6,99.6
P32449,9,96,107.6,94.6,96.5,96,94.7
P38249,20,95.4,101.2,104.3,100.6,105.9,105.6
Q05775,3,111.3,114.3,110.7,107.4,104.6,110.1
P07284,21,106,105.4,98.4,102.9,99.6,99.3
P50095,13,104.2,99.4,105,96.6,95.3,83.4
Q3E7Z5,1,96.9,97.9,97.6,101.1,92.2,103
P38711,4,100,104.9,100.4,96.7,95.2,96.2
P18544,3,80,84,115.6,72.4,112.3,117.2
P49723,16,104.2,104.2,106,104.2,101.7,99.4
P06106,16,98.3,101.3,103.2,97.7,96.2,95.5
P31116,14,102.8,105.5,105.1,104,103.3,96.6
P29704,4,96.2,105.9,104.7,107.2,99.1,107.9
P53743,1,85.9,104.3,80.2,112.6,120.6,114.4
P32366,4,104.2,100.5,99.4,100.9,115.1,108
A6ZPE5,8,93.6,101.8,111.1,92.2,93,113.9
Q3E7X9,2,107.5,107.6,104.8,102.6,99.7,101.9
P47117,9,101,99.3,101.2,97.6,95.9,98.1
Q07551,11,101.9,101.9,107,98.2,98.3,100.4
P37012,15,104.3,102.9,100.7,100.4,100.7,93.9
P11632,1,122.3,123.9,117.6,107.6,108.2,102.7
P32473,4,105.2,97.1,104.1,97.4,100.3,100.8
A6ZXG9,2,97.4,103.4,91.9,115.6,48.6,113.4
P07275,2,104.8,102,108.9,97.1,80.3,110.5
P40414,3,61.2,77.4,91.7,102.5,86.7,78.2
A5Z2X5,1,105.3,100.5,110.4,110.4,102.2,105.3
Q07623,1,81.2,67.9,78.8,83,84.9,116
P46969,2,82.9,59.5,82.1,55.3,46.1,86
O14467,3,103.8,107.1,94.9,89.9,100.3,92.3
P38623,1,NA,NA,NA,274,NA,NA
P10507,1,102.5,129.1,107.4,96.5,89.1,101.1
P09440,2,91,85.9,99,90.6,100.6,101.6
Q12377,5,94.5,95.1,103.9,96.8,98.7,80.5
P15303,7,98.3,97.6,101.5,92.2,98.3,100.5
P10659,8,113.9,98,76.3,94.5,77.6,63.4
Q12496,1,125.9,141.2,135.6,115.6,127.8,105
P41810,8,105.8,100.2,94,96.5,98.5,91.4
Q01217,3,92.5,96.6,111.9,97.3,99.2,100.8
Q01560,5,102.5,104.6,101.6,100.7,96.3,96.3
Q04336,2,121.2,127.5,106,110.6,106.5,111.8
P25491,10,99.7,94,103.9,100.4,102.5,104.3
P35180,1,107.7,106.9,128.5,93.9,97.2,100.1
P41940,16,99.7,98,99.8,100.1,99.1,102
A6ZR36,2,83.3,72.3,88.3,84.2,71.5,106.4
P32799,1,112.9,117.8,113.7,100,108.1,110.8
P22133,10,103.6,104.1,103,100.8,102.3,105.3
P27476,1,87.7,91.6,94.1,91,87.9,95.8
P52553,3,83.1,98.2,101.5,90.3,111,82.7
P39721,1,105.8,102.1,103.3,108.8,100.1,98.4
P43555,3,128.6,84.4,128.3,64.5,59.7,54
P43590,3,106.9,104.4,104.6,106,101.2,99.7
Q05911,9,104.6,105.9,107.9,100.8,105.5,96.1
P41057,4,84.1,107.5,86.2,99.1,88.5,95.6
P02788,36,44.6,47.4,37.6,116.8,108.7,110.9
P32469,2,90.6,110.4,110.5,106.8,94.5,89.7
P00424,2,106.7,117.9,115.6,107.8,101.6,105.9
Q08985,5,102.8,97.4,85.6,92.3,95.2,97.7
P40040,1,NA,NA,142.7,NA,142,127.3
P0CX27,1,136.1,128.5,70.5,141.1,128,68
P38221,2,101.7,101.5,104.5,82,91.5,95.8
P39726,2,90.8,96.2,100.2,94.9,35.9,93.9
Q04013,1,117.8,110.8,105.4,104.9,96.5,93.6
Q12122,9,106.1,102.5,108.4,100.3,101.7,102.4
P20107,1,108,120,105.3,105.5,96.5,95.6
P42826,2,64.9,95.2,72.1,55.1,65.9,91.7
P39516,9,104.2,101.8,102.2,99.4,96.2,96.5
Q07825,2,173,173.4,180.3,208.3,189.6,199
P32178,1,NA,NA,NA,NA,NA,NA
A6ZVR0,1,99.1,96,100.7,93,91.9,99.3
P17695,3,108.1,115.8,119.1,102.3,97.3,89.6
P14065,6,90,88.5,94,94.2,98.4,98.8
Q03862,3,92.5,90.4,61.7,86.6,98.7,59.1
P04807,25,97.4,98.5,101.5,99.8,98.7,100.8
P04840,16,96.3,96.7,95.3,105.9,106.9,105
O74700,1,108.2,109,108,103.6,97.9,94.5
P46990,6,86.2,88.6,110.8,87.4,95.7,104.1
P38137,8,102.7,117.2,113.4,93.1,106.9,87.1
P38817,3,179.5,175.9,95.4,77.8,79,74.6
P06732,15,46.7,49.3,46.6,110.7,119.1,115.4
P49435,6,102,106.2,106.8,101.1,105.5,103.2
C8Z543,13,98.8,106.3,106.2,109.9,101.6,105
A7A1W1,13,105,107.8,103.6,104.6,98.2,103.2
P47089,1,110.7,122.6,110.3,100.3,92.3,103.1
P16550,8,100.3,98.6,97.8,94.3,94.8,98.2
P02994,21,105.2,104.6,102.9,103.1,102.5,101.9
P09624,8,95.2,107.4,102.6,100.1,101.7,99
P25443,9,96.6,97.4,101.2,96.6,99.7,102
P00410,2,130.5,130.3,54.7,88.2,92.4,83.3
P32775,10,96.6,99.3,91.3,101.2,91.3,97.2
P37299,1,71.6,91.8,86.2,76.7,74.5,87.5
P40029,2,103.2,103.7,102.3,106.1,106.9,97.8
P47124,1,105.6,106.3,106.9,97.3,101.5,92.9
P05150,1,NA,135.6,110.6,108,120.8,130.1
P41939,16,99.2,105.3,99.7,99.1,92.4,101.5
P40087,2,109.6,103.3,111.3,98.9,95.6,91.6
P00360,23,101.2,103,104.2,100.4,104.2,107.3
P40075,4,100,100.9,97.6,95.7,105.5,91.6
P06169,31,100.8,101,100.1,101.2,98.2,102.2
P00925,32,103.8,98.1,101.8,100.4,104.5,100.3
P15424,2,105.5,96.2,121.8,101.7,105.8,102.8
P39076,2,105.5,102.9,101.9,111.8,107.6,113.2
P31412,7,100.6,96.6,99.9,101,96.1,95.3
P38716,1,108.4,113.3,109.1,105.9,98.9,98.8
P00812,7,99.1,99.3,97.7,103.1,88.8,94.7
P37291,18,99.9,97.7,97.9,93.9,97.6,91.4
P30822,7,107.5,91.7,104,94.9,108.5,99.9
P23542,13,99.2,97.8,104.5,100.6,97.7,99.6
P28834,15,102.9,102.9,106.4,101.9,101.5,106.1
P14743,1,113,116.4,NA,NA,109.4,109.1
Q12233,1,114.3,103.7,109,97.8,98.6,97
P21576,9,84,102.2,104.1,103.3,81.7,100.2
P38158,2,80.9,87.4,78.9,99.7,95.7,107
Q12513,4,111.1,103.1,104.8,105.1,105.7,108.3
Q04947,7,109.5,110.6,100.5,106.9,102.7,99
P36037,2,105.8,115.7,111.6,92.5,105,80.9
P26321,10,100.2,110.1,97.2,96.7,96.2,95.8
P38879,5,106,99.4,104.1,99.9,99,93.4
Q06205,2,120.3,99.7,117.6,96.4,92.5,87.7
P41818,1,97.2,103.6,100.6,91.4,88,89.2
P09436,36,101.4,100.8,101.6,97.1,99.4,99.8
P32496,4,104.1,95.9,100,95.2,103.2,106.8
P38715,12,103.8,101.1,99.9,100.7,97.3,96.5
P33421,1,101.7,99.6,105.3,95.8,100.6,99.1
P16521,48,95.8,96.5,99.9,97.9,97.2,100.3
P32191,10,99.7,97.1,98.3,99.2,108.4,106.1
P35189,2,107.7,103.3,110.1,56.7,110.3,109.9
A6ZUC0,2,103.4,81.1,93.1,100.9,112.7,107.9
P38836,4,101.6,92.2,93.8,94.8,101.1,92.7
P08417,14,100.6,98.9,99,98.9,100,98.3
P32457,1,109.5,NA,101.2,58.7,125.5,94.4
P38795,2,NA,NA,NA,126.4,135.1,NA
P25373,5,107.4,101.7,101.6,98.9,90.9,95.6
P05413,8,42.3,42.3,41.8,116.3,116.6,115.2
P24000,5,175.5,NA,NA,NA,NA,NA
Q03102,2,91.8,117.7,112.1,116.9,122.3,87.4
P40517,1,NA,363.8,NA,NA,324.2,NA
Q08202,1,88.2,103,95.1,100.8,106.9,85.4
P32836,7,106.9,105.9,106.5,101.9,97,102.4
P25631,1,103.1,107.1,106.5,82.9,75.9,97
P09733,8,100.3,96.5,102,98.3,93.3,105.2
P34167,14,103.7,109.7,99.5,97.3,96.3,102.5
P07245,24,100.4,100.7,100.1,96.7,96.8,97.2
P23724,2,104.7,107.2,66.8,107.2,98.1,100.2
P29547,10,107.2,107,103.1,99.7,99.5,98.5
P21242,4,93.5,104.1,97.9,96,97.4,90.3
P23776,5,100.8,94.7,87.6,100.2,110.3,96.6
P04449,5,89.4,94.7,89.1,88.9,93.2,97.2
Q06505,4,100.6,86.9,94.6,85.8,107.3,87.3
Q02754,2,119.9,125.9,108.5,117.3,111.7,106
P40472,3,109,110,104.9,109.1,102.3,91.2
P40106,6,102.5,103.2,102.6,104.7,107.6,102.1
P43545,1,94.9,96.6,77.5,87.8,83.6,94.7
P37262,3,106.7,101.6,94,115.3,106.9,113.3
Q12408,2,48.6,51.7,49.4,52,50,47
P53091,1,93.1,117.1,103.1,91.1,95.9,91.7
P38787,3,103,101.9,104.4,104.3,95.7,98.9
P38555,1,114.1,124.9,99.7,96.6,112.5,103.4
P16140,23,100.3,101,102.4,99.4,99.5,101.9
P16474,20,98.5,111.6,98.8,100,100.3,99.9
P19358,9,88.8,89.8,103.7,86.8,99.4,98.2
Q06685,1,62.6,NA,70.4,74.7,87.5,51.3
P45978,1,106.7,105.9,107.6,93.4,104.3,99
